,inspection_id,date,q2c number,type,status,drawing_results
0,63126452d9aec7da42a13be9,2022-09-02,,,,
1,631266c9d9aec7da42a13bea,2022-09-02,,,,
2,63126a7fd9aec7da42a13beb,2022-09-02,445375090260001,NQ,,Q_type
3,63127063d9aec7da42a13bf2,2022-09-02,,,,
4,631270b5d9aec7da42a13bf3,2022-09-02,,,,
5,6312715fe201ea46b951e6ee,2022-09-02,,,,
6,6312720fe201ea46b951e6ef,2022-09-02,,,,
7,6312723ee201ea46b951e6f0,2022-09-02,,,,
8,631274671d8dc052d4bb9054,2022-09-02,,,,
9,63127d2f1d8dc052d4bb9055,2022-09-02,445858170010001,NF,,E_type
10,631793ad78a191aa95e9c5d1,2022-09-06,,,,
11,631794b978a191aa95e9c5d2,2022-09-06,,,,
12,6317971dbb53c579ba381cbd,2022-09-06,,,,
13,631797747c3b0021e6c0d0d6,2022-09-06,446048970100001,NQ,false,Q_type
14,63179d057c3b0021e6c0d0e2,2022-09-06,446048970100001,NQ,false,Q_type
15,6317a7f988c1331addadd350,2022-09-06,0,NQ,,
16,6317a9f388c1331addadd353,2022-09-06,,,,
17,6317aa1e88c1331addadd356,2022-09-06,,,false,
18,6317aaf688c1331addadd35a,2022-09-06,,,,
19,6317ab5b88c1331addadd35b,2022-09-06,445728870120001,NQ,false,Q_type
20,6317b01d88c1331addadd367,2022-09-06,,,,
21,6317b04488c1331addadd36a,2022-09-06,,,false,
22,6317b0ce88c1331addadd36e,2022-09-06,445728870120001,NQ,,Q_type
23,6317bf0dd9c93b429b4a1e4d,2022-09-06,,,,
24,6317bf1fd9c93b429b4a1e4e,2022-09-06,436489051180001,NQ,,Q_type
25,6317c4f7d16e44d6ae7c2bd0,2022-09-06,446177910110001,NF,,E_type
26,6317c9dd0618e8e439888971,2022-09-06,440677600100001,NF,false,E_type
27,6317d4cb22de5b923d8cbbeb,2022-09-06,440677600100001,NF,,E_type
28,6317d7deefcd9e2ca314cba0,2022-09-06,440848131120001,NQ,,Q_type
29,6317e9a7fee9a54212fd1392,2022-09-07,,,,
30,6317ea31f8e6de69b1b9c93f,2022-09-07,,,,
31,6317ea48f8e6de69b1b9c940,2022-09-07,,,,
32,6317eb6a7e9d0d3b9bdf7eaa,2022-09-07,,,,
33,6317f0c97e9d0d3b9bdf7eab,2022-09-07,,,,
34,6317f1387e9d0d3b9bdf7eac,2022-09-07,444981610340001,NQ,,Q_type
35,631846b47e9d0d3b9bdf7eb3,2022-09-07,,,,
36,6318c3564f06c56fb77c15b3,2022-09-07,,,,
37,6318c3654f06c56fb77c15b4,2022-09-07,446879230140001,NQ,,Q_type
38,6319a6d931c7820aab04064d,2022-09-08,,,,
39,6319c7ad31c7820aab04064e,2022-09-08,,,,
40,6319cdbd31c7820aab04064f,2022-09-08,446586520010001,NQ,,
41,6319cf1431c7820aab040652,2022-09-08,446586520010001,NQ,false,
42,6319d01531c7820aab040656,2022-09-08,446586520010001,NQ,false,
43,6319d1b2ddb77fe91b11c1dd,2022-09-08,,,,
44,6319d24c2fe2d5f13b60edc1,2022-09-08,446586520010001,NQ,,
45,6319d2f72fe2d5f13b60edc4,2022-09-08,446586520010001,NQ,false,
46,6319d5b5f659e31ef8e3a025,2022-09-08,446586520010001,NQ,,
47,6319d87d5cc191b29055d1d6,2022-09-08,446586520010001,NQ,,
48,6319de00b9b6f97bd9f6a90a,2022-09-08,446586520010001,NQ,,
49,6319df112b1d3bb7b446dbb8,2022-09-08,446586520010001,NQ,,
50,6319e0abd8d2e32a1f46a4d7,2022-09-08,446586520010001,NQ,,
51,6319e224b7af59f91ab312ad,2022-09-08,446586520010001,NQ,,
52,6319e341b7af59f91ab312b0,2022-09-08,,,,
53,6319e56eb7af59f91ab312b1,2022-09-08,446586520010001,NQ,,
54,631ecaac5c250c42cf88767c,2022-09-12,,,,
55,631ece975d594fc4da370fed,2022-09-12,,,,
56,6321dd8167436797ce2b57c8,2022-09-14,,,,
57,6321eb66a82d367bab623d61,2022-09-14,,,,
58,6321ef3c509e3234b3180d0b,2022-09-14,,,,
59,63231e0b5e98d0c63ccdb66b,2022-09-15,,,,
60,63232177af707ae6e7aed644,2022-09-15,,,,
61,632322580e6e6b1d1e6b3ce5,2022-09-15,,,,
62,63241e1e1e3a8e13a579fb37,2022-09-16,,,,
63,63241f16464ca6061fac388a,2022-09-16,,,,
64,63241f5c464ca6061fac388b,2022-09-16,,,,
65,6324205fd1aa0f6dea46c7e2,2022-09-16,,,,
66,63242078d1aa0f6dea46c7e3,2022-09-16,,,,
67,6324210222cbdce88f968cd0,2022-09-16,,,,
68,632422c63097765e2f1eeb5a,2022-09-16,,,,
69,63242454bcc85002214e7ce7,2022-09-16,,,,
70,632447f86776ad39827d7ec8,2022-09-16,,,,
71,63244982591a006719d899de,2022-09-16,,,,
72,632453be591a006719d899df,2022-09-16,,,,
73,6324566ff588b81dc0f522ac,2022-09-16,446879230140001,NQ,false,Q_type
74,63245a3b513dccba1f16dbe1,2022-09-16,446879230140001,NQ,false,Q_type
75,63245c5fea126f742a699ee5,2022-09-16,,,false,Q_type
76,63245de0ea126f742a699eea,2022-09-16,446177910110001,NF,false,E_type
77,63247242867a993fa22c16ad,2022-09-16,0,NQ,,
78,63249fca867a993fa22c16b0,2022-09-16,,,,
79,6324a0bc867a993fa22c16b3,2022-09-16,,,,
80,6324af89867a993fa22c16b6,2022-09-16,1,NQ,,
81,6324b5b2867a993fa22c16b9,2022-09-16,446321650010001,NQ,,
82,6324b6e1867a993fa22c16bc,2022-09-16,446321650010001,NQ,,
83,6324b8e3867a993fa22c16bf,2022-09-16,446321650010001,NQ,,
84,6324ba97867a993fa22c16c2,2022-09-16,,,,
85,6324bad0867a993fa22c16c3,2022-09-16,446321650010001,NQ,,
86,6324bb18867a993fa22c16c6,2022-09-16,446321650010001,NQ,,
87,6327fd45867a993fa22c16c9,2022-09-19,446321650010001,NQ,,
88,6327fddc867a993fa22c16cc,2022-09-19,446321650010001,NQ,,
89,6327fe25867a993fa22c16cf,2022-09-19,446321650010001,NQ,,
90,6327fe76867a993fa22c16d2,2022-09-19,446321650010001,NQ,,
91,6327fec8867a993fa22c16d5,2022-09-19,446321650010001,NQ,,
92,6327ff70867a993fa22c16d8,2022-09-19,446321650010001,NQ,,
93,6327ffd0867a993fa22c16db,2022-09-19,446321650010001,NQ,,
94,63280017867a993fa22c16de,2022-09-19,446321650010001,NQ,,
95,6328021d867a993fa22c16e1,2022-09-19,,,,
96,63280249867a993fa22c16e2,2022-09-19,446321650010001,NQ,,
97,632807bb867a993fa22c16e5,2022-09-19,,,,
98,63280aa249e52894b079f4ba,2022-09-19,446177910110001,NF,,
99,63280c7a9210874f1bcafac0,2022-09-19,446177910110001,NF,false,E_type
100,6328279e1fe38d4e5491401b,2022-09-19,,,,
101,632829f3d3e5cd08f96de84c,2022-09-19,446177910110001,NF,,
102,63282a2bd3e5cd08f96de84f,2022-09-19,446177910110001,NF,,
103,63282ae70291c4ecb2256189,2022-09-19,446879230140001,NQ,,Q_type
104,63282fd2d32b689358140d06,2022-09-19,446879230140001,NQ,,Q_type
105,632862424efc793d44dd9697,2022-09-19,446177910110001,NF,,E_type
106,63286888b7ae000f76481ea6,2022-09-19,446321650010001,NQ,,
107,632868e8b7ae000f76481ea9,2022-09-19,446321650010001,NQ,,
108,632a0bcbb7ae000f76481eac,2022-09-20,,,,
109,632a0c88b7ae000f76481ead,2022-09-20,446321650010001,NQ,,
110,632d9e97b7ae000f76481eb0,2022-09-23,446321650010001,NQ,,
111,632db6b8b7ae000f76481eb3,2022-09-23,446321650010001,NQ,,
112,632dd6dfb7ae000f76481eb7,2022-09-23,,,,
113,632dd8e70feca7298aa0c215,2022-09-23,447044000320001,NQ,false,
114,6334986e0ca413d38a4ec9d7,2022-09-28,,,,
115,6334a91a05ece1b7c3020d2d,2022-09-28,446321650010001,NQ,,
116,6334a9ab05ece1b7c3020d30,2022-09-28,,,,
117,6334ae9baf473de48890981e,2022-09-28,,,,
118,6334aed7af473de48890981f,2022-09-28,438874651440001,NQ,false,Q_type
119,6334b21aaf473de488909825,2022-09-28,438874651440001,NQ,manual_pass,Q_type
120,6334c1720701103e6d41d913,2022-09-28,,,,
121,6334df290701103e6d41d914,2022-09-28,,,,
122,6334e7bd0701103e6d41d915,2022-09-29,,,,
123,63352e090701103e6d41d916,2022-09-29,,,,
124,63352f92bffc41431eb4ad02,2022-09-29,,,,
125,63353124c73f8a311219f310,2022-09-29,,,,
126,63353125c73f8a311219f311,2022-09-29,,,,
127,633533549cb45bf4aead66b8,2022-09-29,,,,
128,633534221978a300137f14c8,2022-09-29,,,,
129,633535199f27c93dc4c620e1,2022-09-29,,,,
130,633541fa09284dddf779d1ed,2022-09-29,,,,
131,6335b70a566115c06ca5cdee,2022-09-29,,,,
132,6335b7d0566115c06ca5cdef,2022-09-29,,,,
133,6335b850566115c06ca5cdf0,2022-09-29,,,,
134,6335b9491f22ec92c5c6e3c2,2022-09-29,,,,
135,6335bb181f22ec92c5c6e3c3,2022-09-29,,,,
136,6335bd2460ea63c3f43e3f13,2022-09-29,,,,
137,6335c6b660ea63c3f43e3f14,2022-09-29,446989680120001,NQ,,
138,6335cb383a3e13a59c2b32ab,2022-09-29,446989680120001,NQ,false,
139,6335cbd23a3e13a59c2b32af,2022-09-29,446989680120001,NQ,,Q_type
140,6335cd573a3e13a59c2b32b5,2022-09-29,445469500040001,NQ,,
141,6335cd723a3e13a59c2b32b8,2022-09-29,445469500040001,NQ,,Q_type
142,6335cf003a3e13a59c2b32bf,2022-09-29,446989680120001,NQ,,Q_type
143,6335cfdb3a3e13a59c2b32c4,2022-09-29,447249830220001,NQ,,Q_type
144,6335d1123a3e13a59c2b32c9,2022-09-29,447367920040001,NQ,,Q_type
145,6335d2053a3e13a59c2b32ce,2022-09-29,447367920040001,NQ,,Q_type
146,6335d2c23a3e13a59c2b32d3,2022-09-29,447249830040001,NQ,,Q_type
147,6335d4203a3e13a59c2b32d8,2022-09-29,446989680210001,NQ,false,
148,6335d4863a3e13a59c2b32dc,2022-09-29,446989680210001,NQ,,Q_type
149,6335d5553a3e13a59c2b32e1,2022-09-29,,,,
150,6335d5703a3e13a59c2b32e4,2022-09-29,446694320200001,NQ,false,
151,6335d5a53a3e13a59c2b32e8,2022-09-29,446694320200001,NQ,,
152,6335d6673a3e13a59c2b32ed,2022-09-29,446989680120001,NQ,,
153,6335d6e73a3e13a59c2b32f1,2022-09-29,447249830190001,NQ,false,
154,6335d7223a3e13a59c2b32f5,2022-09-29,447249830190001,NQ,,Q_type
155,6335d7ef3a3e13a59c2b32fa,2022-09-29,446989680120001,NQ,,Q_type
156,6335d8b23a3e13a59c2b32ff,2022-09-29,440567830290001,NQ,,Q_type
157,6335d9743a3e13a59c2b3304,2022-09-29,446989680120001,NQ,,Q_type
158,6335da173a3e13a59c2b3309,2022-09-29,446989680210001,NQ,,Q_type
159,6335dae53a3e13a59c2b330e,2022-09-29,446989680120001,NQ,false,
160,6335db263a3e13a59c2b3312,2022-09-29,446989680120001,NQ,,Q_type
161,6335dbc33a3e13a59c2b3317,2022-09-29,447273550080001,NQ,false,
162,6335dbf43a3e13a59c2b331b,2022-09-29,447273550080001,NQ,,Q_type
163,6335dcab3a3e13a59c2b3320,2022-09-29,446694320140001,NQ,,Q_type
164,6335dd583a3e13a59c2b3325,2022-09-29,,,,
165,6335dd7f3a3e13a59c2b3326,2022-09-29,447270900100001,NQ,,Q_type
166,6335de363a3e13a59c2b332b,2022-09-29,447249830130001,NQ,,Q_type
167,6335def93a3e13a59c2b3330,2022-09-29,447089850040001,NF,,
168,6335df473a3e13a59c2b3333,2022-09-29,447089850040001,NF,,E_type
169,6335e0143a3e13a59c2b3338,2022-09-29,440567830300001,NQ,,Q_type
170,6335e0cb3a3e13a59c2b333d,2022-09-29,440567830360001,NQ,,Q_type
171,6335e1613a3e13a59c2b3342,2022-09-29,440567830250001,NQ,false,
172,6335e18f3a3e13a59c2b3346,2022-09-29,440567830250001,NQ,,Q_type
173,6335e2463a3e13a59c2b334b,2022-09-29,440567830270001,NQ,,Q_type
174,6335e31d3a3e13a59c2b3350,2022-09-29,440567830400001,NQ,,Q_type
175,6335e3c83a3e13a59c2b3355,2022-09-29,,,,
176,6335e3c83a3e13a59c2b3356,2022-09-29,440567830260001,NQ,,Q_type
177,6335e4633a3e13a59c2b335b,2022-09-29,447249830250001,NQ,,Q_type
178,6335e5293a3e13a59c2b3360,2022-09-29,447266570030001,NF,,E_type
179,6335e5d93a3e13a59c2b3365,2022-09-29,447249830070001,NQ,false,
180,6335e6173a3e13a59c2b3369,2022-09-29,447249830070001,NQ,,Q_type
181,6335e6e43a3e13a59c2b336e,2022-09-29,445818380070001,NQ,false,Q_type
182,6335e7d53a3e13a59c2b3378,2022-09-29,447265970040001,NQ,false,Q_type
183,63360c153a3e13a59c2b3380,2022-09-29,446989680150001,NQ,false,Q_type
184,633610483a3e13a59c2b338b,2022-09-29,446427290060001,NQ,,Q_type
185,633611b13a3e13a59c2b3392,2022-09-29,,,false,
186,6336130a3a3e13a59c2b3396,2022-09-29,,,,
187,633613293a3e13a59c2b3397,2022-09-29,,,,
188,63361be53a3e13a59c2b3398,2022-09-29,,,,
189,633625b23a3e13a59c2b3399,2022-09-29,,,,
190,633629d63a3e13a59c2b339a,2022-09-29,,,,
191,633630743a3e13a59c2b339b,2022-09-29,,,,
192,6336dce621865592b44637b4,2022-09-30,,,,
193,6336ded5fdfcb7fa2c0173df,2022-09-30,,,,
194,6336defffdfcb7fa2c0173e0,2022-09-30,,,,
195,6336f091fdfcb7fa2c0173e1,2022-09-30,,,,
196,6336f125fdfcb7fa2c0173e2,2022-09-30,,,,
197,6336f16cfdfcb7fa2c0173e3,2022-09-30,,,,
198,6336f25cfdfcb7fa2c0173e4,2022-09-30,,,,
199,6336f2b7fdfcb7fa2c0173e5,2022-09-30,,,,
200,6336f2dafdfcb7fa2c0173e6,2022-09-30,,,,
201,6336f3c3fdfcb7fa2c0173e7,2022-09-30,,,,
202,6336f411fdfcb7fa2c0173e8,2022-09-30,,,,
203,6336f57f4cae6dac2bb9ca50,2022-09-30,,,,
204,6336f59e4cae6dac2bb9ca51,2022-09-30,446503160140001,NQ,,Q_type
205,6336fcbf76f9c0139579346b,2022-09-30,,,,
206,6336fce276f9c0139579346c,2022-09-30,,,,
207,6336fcfe76f9c0139579346d,2022-09-30,,,,
208,6336fd2b76f9c0139579346e,2022-09-30,,,,
209,6336fd5976f9c0139579346f,2022-09-30,,,,
210,6336fe4376f9c01395793470,2022-09-30,446503160140001,NQ,false,Q_type
211,6337017976f9c01395793478,2022-09-30,,,,
212,6337018876f9c01395793479,2022-09-30,446503160140001,NQ,false,Q_type
213,6337033f76f9c01395793484,2022-09-30,446503160140001,NQ,false,Q_type
214,633706ec76f9c0139579348c,2022-09-30,446503160140001,NQ,,
215,6337071d76f9c0139579348f,2022-09-30,446503160140001,NQ,false,Q_type
216,633709b076f9c01395793499,2022-09-30,447324380070001,NQ,false,
217,633709e776f9c0139579349d,2022-09-30,447324380070001,NQ,false,Q_type
218,63370b5e76f9c013957934a7,2022-09-30,447324380070001,NQ,false,Q_type
219,63370d3d76f9c013957934b2,2022-09-30,444938050090001,NF,false,
220,63370d6976f9c013957934b6,2022-09-30,,,,
221,63370d7f76f9c013957934b9,2022-09-30,444938050090001,NF,false,E_type
222,63370efd76f9c013957934c3,2022-09-30,445866280940001,NQ,false,
223,63370fe376f9c013957934c7,2022-09-30,445866280940001,NQ,false,Q_type
224,633711e876f9c013957934d1,2022-09-30,442379140230001,NQ,,Q_type
225,6337133c76f9c013957934d9,2022-09-30,442379140230001,NQ,false,Q_type
226,633716f94d04489774c3b82c,2022-09-30,446177910110001,NF,false,E_type
227,633719b54d04489774c3b835,2022-09-30,,,,
228,63371b054d04489774c3b836,2022-09-30,446177910110001,NF,false,E_type
229,6337214b4d04489774c3b83e,2022-09-30,446177910110001,NF,false,E_type
230,633723e1a63b33a5d1286261,2022-09-30,446177910110001,NF,false,E_type
231,633725ffb3788fc2807a63f9,2022-09-30,,,,
232,633c6e0197799cdc0035b664,2022-10-04,,,,
233,633c6e2397799cdc0035b665,2022-10-04,,,,
234,633c6e2397799cdc0035b666,2022-10-04,1,NQ,,
235,633c6e5497799cdc0035b669,2022-10-04,,,,
236,633c6efd97799cdc0035b66a,2022-10-04,1,NQ,,
237,633c717f97799cdc0035b66d,2022-10-04,,,,
238,633c757b97799cdc0035b66e,2022-10-04,,,,
239,633c75c297799cdc0035b66f,2022-10-04,,,,
240,633c85f997799cdc0035b670,2022-10-04,,,,
241,633c864497799cdc0035b671,2022-10-04,,,,
242,633c867697799cdc0035b672,2022-10-04,,,,
243,633c86f597799cdc0035b673,2022-10-04,,,,
244,633c873997799cdc0035b674,2022-10-04,,,,
245,6346ea1297799cdc0035b675,2022-10-12,,,,
246,6346eaf597799cdc0035b676,2022-10-12,,,,
247,6346eb4397799cdc0035b677,2022-10-12,,,,
248,6346ebb997799cdc0035b678,2022-10-12,,,,
249,6390b39897a6ec000cdc1338,2022-12-07,,,,
250,6390c0ca23af9c6c2d5404dd,2022-12-07,,,,
251,63bdc926211e55bcffe85a42,2023-01-10,,,,
252,63bdca14211e55bcffe85a45,2023-01-10,,,,
253,63bdca46211e55bcffe85a48,2023-01-10,,,,
254,63be448387486d11c7a77316,2023-01-11,446989680150001,NQ,,
255,63bec82740f87da868b4d8c3,2023-01-11,,,,
256,63becee0b461add22c445e1c,2023-01-11,,,,
257,63becf5fb461add22c445e1f,2023-01-11,,,,
258,63bed4b8b461add22c445e23,2023-01-11,447744510150001,NQ,false,
259,63bed53db461add22c445e2c,2023-01-11,447744510150001,NQ,,Q_type
260,63beeb8bb461add22c445e91,2023-01-11,447744510150001,NQ,,Q_type
261,63bef432b461add22c445eb8,2023-01-11,447744510150001,NQ,,Q_type
262,63bef913b461add22c445edf,2023-01-11,448747470870001,NQ,manual_pass,Q_type
263,63befd1eb461add22c445efe,2023-01-11,448747470630001,NQ,manual_pass,Q_type
264,63beff93b461add22c445f2a,2023-01-11,448747470480001,NQ,manual_pass,Q_type
265,63bf0247b461add22c445f4c,2023-01-11,448738510040001,NF,,E_type
266,63bf03c2b461add22c445f6b,2023-01-11,448738510010001,NQ,false,
267,63bf03f8b461add22c445f74,2023-01-11,,,,
268,63bf040cb461add22c445f77,2023-01-11,448738510010001,NQ,,Q_type
269,63bf065ab461add22c445f98,2023-01-11,448748560030001,NQ,manual_pass,Q_type
270,63bf092bb461add22c445fc9,2023-01-11,448747830100001,NQ,,
271,63bf0b46b461add22c445fed,2023-01-11,448730590010001,NF,false,
272,63bf0b90b461add22c445ff6,2023-01-11,448730590010001,NF,,E_type
273,63bf0d17b461add22c446019,2023-01-11,448747790170001,NQ,,Q_type
274,63bfbef1b461add22c44603e,2023-01-12,,,,
275,63bfdc3822c2d757f09a74cd,2023-01-12,448747470870001,NQ,,
276,63bfde6bfd76f9ddb0672d02,2023-01-12,448747470870001,NQ,,
277,63bfe15ac4b0016e8ccf89e3,2023-01-12,448747470870001,NQ,false,
278,63bfe7020a5ac7e7ba1f7ae6,2023-01-12,448747470870001,NQ,false,Q_type
279,63bfe9d80a5ac7e7ba1f7afc,2023-01-12,448747470870001,NQ,false,Q_type
280,63bfea270a5ac7e7ba1f7b13,2023-01-12,448747470870001,NQ,false,Q_type
281,63bfeabe0a5ac7e7ba1f7b2a,2023-01-12,448747470870001,NQ,,Q_type
282,63bfeeeb0a5ac7e7ba1f7b4a,2023-01-12,448747470870001,NQ,,Q_type
283,63c00cd20a5ac7e7ba1f7bff,2023-01-12,448747470870001,NQ,manual_pass,Q_type
284,63c00f400a5ac7e7ba1f7c32,2023-01-12,448747470870001,NQ,false,Q_type
285,63c01c4807a9d0eb04ee162e,2023-01-12,,,,
286,63c01cb507a9d0eb04ee1631,2023-01-12,,,,
287,63c021a45557206146363b56,2023-01-12,448725650410001,NQ,false,
288,63c025705557206146363b61,2023-01-12,448725650410001,NQ,false,Q_type
289,63c026075557206146363b70,2023-01-12,,,,
290,63c026245557206146363b73,2023-01-12,448725650410001,NQ,,Q_type
291,63c030555557206146363ba4,2023-01-12,447738630210001,NQ,false,
292,63c030855557206146363bad,2023-01-12,,,,
293,63c030995557206146363bb0,2023-01-12,447738630210001,NQ,false,
294,63c0310e5557206146363bb9,2023-01-12,447738630210001,NQ,,Q_type
295,63c123ad11514f73da2f83f2,2023-01-13,448747470870001,NQ,false,Q_type
296,63c126da261505592174bfc9,2023-01-13,,,,
297,63c126db261505592174bfca,2023-01-13,448747470870001,NQ,false,Q_type
298,63c144e7bd8a65e86028332c,2023-01-13,448747470870001,NQ,false,Q_type
299,63c146e2c2337c97f6fe651a,2023-01-13,448747470870001,NQ,false,Q_type
300,63c14a8e4d26d52f46e985a1,2023-01-13,448747470870001,NQ,false,Q_type
301,63c14cf64d26d52f46e985b7,2023-01-13,448747470870001,NQ,,Q_type
302,63c14dd24d26d52f46e985ce,2023-01-13,448747470870001,NQ,false,Q_type
303,63c15b421624e4185b4b05b0,2023-01-13,448787320440001,NQ,false,Q_type
304,63c167411624e4185b4b060f,2023-01-13,448787320440001,NQ,manual_pass,Q_type
305,63c169761624e4185b4b0631,2023-01-13,448787320440001,NQ,manual_pass,Q_type
306,63c16b3e1624e4185b4b0653,2023-01-13,448808440010001,NQ,false,
307,63c16b911624e4185b4b065c,2023-01-13,448808440010001,NQ,manual_pass,Q_type
308,63c177ce1624e4185b4b0680,2023-01-13,448808440010001,NQ,manual_pass,Q_type
309,63c179661624e4185b4b06a6,2023-01-13,439848410190001,NQ,manual_pass,Q_type
310,63c17b2d1624e4185b4b06c9,2023-01-13,448812800010001,NF,false,E_type
311,63c17e0f1624e4185b4b06ea,2023-01-13,448806650030001,NQ,manual_pass,Q_type
312,63c1993a1624e4185b4b070b,2023-01-13,448331790050001,NF,,E_type
313,63c1a55e1624e4185b4b073c,2023-01-13,448074441060001,NF,,E_type
314,63c6857f1624e4185b4b0767,2023-01-17,447805330560001,NF,,E_type
315,63c693411624e4185b4b0793,2023-01-17,448819770100001,NQ,,Q_type
316,63c6a9201624e4185b4b07bf,2023-01-17,444447130270001,NQ,,Q_type
317,6422e3d9a7576a5c6b495e5b,2023-03-28,,,,
318,6422e487a7576a5c6b495e5e,2023-03-28,448710040010001,NQ,,
319,6422e815a7576a5c6b495e6e,2023-03-28,448710040010001,NQ,false,Q_type
320,6422eceaa7576a5c6b495e93,2023-03-28,448710040010001,NQ,false,Q_type
321,6422f0f2a7576a5c6b495eb7,2023-03-28,449762860280001,NF,false,E_type
322,64231e773ea87369bb92b8e0,2023-03-28,,,,
323,6423216d1d401a49313cc9af,2023-03-28,,,,
324,642321941d401a49313cc9b5,2023-03-28,,,,
325,642321bc1d401a49313cc9ba,2023-03-28,,,,
326,6423225b1d401a49313cc9c4,2023-03-28,,,,
327,6423225b1d401a49313cc9c5,2023-03-28,,,,
328,642325111d401a49313cc9d0,2023-03-28,,,,
329,642325121d401a49313cc9d1,2023-03-28,,,,
330,642325481d401a49313cc9d7,2023-03-28,,,,
331,6423267a1d401a49313cc9dc,2023-03-28,,,,
332,6423267b1d401a49313cc9dd,2023-03-28,,,,
333,6423271a1d401a49313cc9e4,2023-03-28,,,,
334,6423271b1d401a49313cc9e6,2023-03-28,,,,
335,642327da1d401a49313cc9e9,2023-03-28,,,,
336,64232dd41d401a49313cc9ec,2023-03-28,,,,
337,64232eb3f7a3d62a88823516,2023-03-28,,,,
338,64233180464724f609b496dc,2023-03-28,,,,
339,6423329d5262b7d01eb55e22,2023-03-28,,,,
340,642333285262b7d01eb55e26,2023-03-28,,,,
341,642335275262b7d01eb55e29,2023-03-28,449177130190001,NQ,false,Q_type
342,642340075262b7d01eb55e53,2023-03-28,450027280030001,NF,false,E_type
343,642345455262b7d01eb55e75,2023-03-28,,,,
344,642345455262b7d01eb55e76,2023-03-28,449398410260001,NF,false,E_type
345,642438bfb970388a5f86bacd,2023-03-29,,,,
346,64243ad1b970388a5f86bada,2023-03-29,,,,
347,64243b32b970388a5f86bae0,2023-03-29,,,,
348,64243ba8b970388a5f86bae3,2023-03-29,,,,
349,64243be7b970388a5f86bae6,2023-03-29,,,,
350,64243c22b970388a5f86baee,2023-03-29,445858280010001,NQ,false,
351,64243c84b970388a5f86bafa,2023-03-29,445858280010001,NQ,false,Q_type
352,642441a9b970388a5f86bb29,2023-03-29,445858280010001,NQ,false,Q_type
353,642449d2b970388a5f86bb4a,2023-03-29,441195980220001,NQ,false,Q_type
354,64244cb1b970388a5f86bb8a,2023-03-29,445863121420001,NQ,,Q_type
355,64246bc1c541cf774f98443a,2023-03-29,450094460020001,NF,false,E_type
356,64246c3cc541cf774f98444c,2023-03-29,,,false,
357,64246c82c541cf774f98445b,2023-03-29,450094460020001,NF,false,E_type
358,64246f1fc541cf774f98447b,2023-03-29,450185000140001,NF,false,E_type
359,64247183c541cf774f98449b,2023-03-29,449629060100001,NF,false,E_type
360,64247340c541cf774f9844bb,2023-03-29,449706620040001,NQ,false,Q_type
361,642475e0c541cf774f9844dc,2023-03-29,445863120700001,NF,false,E_type
362,64247784c541cf774f984508,2023-03-29,449711400070001,NF,false,E_type
363,64248da9c541cf774f98453d,2023-03-29,449103510160001,NQ,false,Q_type
364,6424924ec541cf774f984566,2023-03-29,450027280040001,NF,,E_type
365,6424963dc541cf774f984597,2023-03-29,445863120400001,NF,false,E_type
366,64249c36c541cf774f9845b8,2023-03-29,444804480290001,NQ,false,Q_type
367,64249f7ac541cf774f9845dc,2023-03-29,445863120490001,NF,false,E_type
368,6424a40bc541cf774f9845fd,2023-03-29,449200500010001,NF,false,E_type
369,6424a6cac541cf774f98461d,2023-03-29,445549570090001,NQ,false,Q_type
370,6424a851c541cf774f98463c,2023-03-29,444804481510001,NQ,false,Q_type
371,6424aaaac541cf774f98465d,2023-03-29,445863120250001,NF,false,E_type
372,6424abe9c541cf774f98467b,2023-03-29,445863120370001,NF,false,E_type
373,6424ac3fc541cf774f98468c,2023-03-29,,,,
374,6424ac4dc541cf774f98468f,2023-03-29,445863120370001,NF,false,E_type
375,6424acbbc541cf774f9846a4,2023-03-29,,,,
376,6424acc5c541cf774f9846a7,2023-03-29,,,,
377,6424acd8c541cf774f9846ab,2023-03-29,445863120370001,NF,false,E_type
378,642585b3bed6ea932a3ae81b,2023-03-30,449791170040001,NF,,E_type
379,642597dc3257b48bf8d91b65,2023-03-30,450214370130001,NQ,false,Q_type
380,6425a96a3257b48bf8d91bda,2023-03-30,446976880260001,NQ,false,Q_type
381,6425ac083257b48bf8d91c14,2023-03-30,449769430010001,NF,false,E_type
382,6425b2dd3257b48bf8d91c33,2023-03-30,449643260290001,NQ,false,Q_type
383,6425ba943257b48bf8d91c55,2023-03-30,449643260290001,NQ,false,Q_type
384,6425bd703257b48bf8d91c7b,2023-03-30,445899171770001,NQ,false,Q_type
385,6425be773257b48bf8d91c9a,2023-03-30,445899171800001,NQ,false,Q_type
386,6425bf643257b48bf8d91cb8,2023-03-30,450218640080001,NF,false,E_type
387,6425c0b73257b48bf8d91cd9,2023-03-30,445899171530001,NQ,false,
388,6425c1073257b48bf8d91ce6,2023-03-30,445899171530001,NQ,false,Q_type
389,6425c31c3257b48bf8d91d09,2023-03-30,445899171410001,NQ,false,Q_type
390,6425c44d3257b48bf8d91d2c,2023-03-30,445899171680001,NQ,false,
391,6425c4883257b48bf8d91d3c,2023-03-30,,,,
392,6425c4883257b48bf8d91d3d,2023-03-30,445899171680001,NQ,false,Q_type
393,6425c5fe3257b48bf8d91d60,2023-03-30,445918370250001,NQ,false,Q_type
394,6425c8463257b48bf8d91d84,2023-03-30,445899171830001,NQ,false,Q_type
395,6425c9313257b48bf8d91da3,2023-03-30,445899171930001,NF,false,E_type
396,6425ccec3257b48bf8d91dc9,2023-03-30,450243960050001,NQ,false,Q_type
397,6425ce103257b48bf8d91deb,2023-03-30,450235680010001,NQ,false,Q_type
398,6425cfad3257b48bf8d91e16,2023-03-30,449749380180001,NQ,false,Q_type
399,6425d1f03257b48bf8d91e42,2023-03-30,445918370450001,NQ,false,Q_type
400,6425d3213257b48bf8d91e63,2023-03-30,445918370810001,NQ,false,Q_type
401,6425d4103257b48bf8d91e83,2023-03-30,445918370630001,NQ,,Q_type
402,6425db283257b48bf8d91ead,2023-03-30,,,,
403,6425db283257b48bf8d91eae,2023-03-30,445918370870001,NQ,false,Q_type
404,6425dc243257b48bf8d91ecd,2023-03-30,450234950010001,NQ,false,Q_type
405,6425dd853257b48bf8d91eeb,2023-03-30,445918370600001,NQ,false,Q_type
406,6425de7d3257b48bf8d91f0b,2023-03-30,,,,
407,6425de7d3257b48bf8d91f0c,2023-03-30,445918370280001,NQ,false,Q_type
408,6425e0683257b48bf8d91f2f,2023-03-30,450243750040001,NQ,false,Q_type
409,6425e1d73257b48bf8d91f4e,2023-03-30,450244950070001,NQ,false,Q_type
410,6425e3023257b48bf8d91f74,2023-03-30,450244950040001,NQ,false,Q_type
411,6425e4f53257b48bf8d91f94,2023-03-30,449815900030001,NQ,false,Q_type
412,6425e64e3257b48bf8d91fb7,2023-03-30,450238400070001,NQ,false,Q_type
413,6425e7913257b48bf8d91fd5,2023-03-30,449815900120001,NQ,false,Q_type
414,6425e8993257b48bf8d91ff6,2023-03-30,449815900210001,NQ,false,Q_type
415,6425e98b3257b48bf8d92016,2023-03-30,450240620360001,NQ,,Q_type
416,6425eba13257b48bf8d92043,2023-03-30,450218640020001,NF,false,E_type
417,6425ed8e3257b48bf8d92067,2023-03-30,448898760120001,NQ,false,
418,6425f6f33257b48bf8d9208b,2023-03-30,449822840880001,NF,false,E_type
419,6426daecd88b9b4402bc17bc,2023-03-31,,,,
420,6426e4b0d88b9b4402bc17bf,2023-03-31,450064520160001,NQ,,
421,6426f37bd88b9b4402bc17d8,2023-03-31,450038090040001,NQ,false,Q_type
422,6426fdb9554369fa7df14a15,2023-03-31,447674180890001,NQ,false,Q_type
423,64270371554369fa7df14abd,2023-03-31,447376590170001,NF,false,E_type
424,64270c3d554369fa7df14ae2,2023-03-31,447674180980001,NQ,false,Q_type
425,64270e27554369fa7df14b0e,2023-03-31,450279800070001,NQ,false,Q_type
426,64271031554369fa7df14b40,2023-03-31,450279800100001,NQ,false,Q_type
427,642711c5554369fa7df14b6d,2023-03-31,445867080110001,NQ,,Q_type
428,64271687554369fa7df14c0b,2023-03-31,450245980130001,NF,false,E_type
429,642718c0554369fa7df14c4b,2023-03-31,449491990020001,NF,false,E_type
430,64271a69554369fa7df14c72,2023-03-31,449911030010001,NQ,false,Q_type
431,64271b55554369fa7df14ca2,2023-03-31,,,,
432,64271b79554369fa7df14ca9,2023-03-31,449911030010001,NQ,,
433,64271c82554369fa7df14cb7,2023-03-31,449391390040001,NQ,false,Q_type
434,64271ec4554369fa7df14cee,2023-03-31,449726620190001,NQ,false,Q_type
435,64272133554369fa7df14d33,2023-03-31,448220620230001,NQ,false,Q_type
436,642722da554369fa7df14d64,2023-03-31,449967950010001,NQ,false,Q_type
437,64272489554369fa7df14d8c,2023-03-31,449978580020001,NQ,false,Q_type
438,64272586554369fa7df14db1,2023-03-31,449978580020001,NQ,false,Q_type
439,64272685554369fa7df14dca,2023-03-31,448514470010001,NQ,false,Q_type
440,64273959554369fa7df14e06,2023-03-31,,,,
441,6427396f554369fa7df14e0b,2023-03-31,,,,
442,64273970554369fa7df14e0c,2023-03-31,449654870040001,NQ,false,Q_type
443,64273ac1554369fa7df14e2e,2023-03-31,,,,
444,64273e2a554369fa7df14e3b,2023-03-31,445867020110001,NQ,false,Q_type
445,642740f2554369fa7df14ebe,2023-03-31,449274840280001,NQ,false,Q_type
446,642745b9554369fa7df14f1a,2023-03-31,449274840280001,NQ,,Q_type
447,6427530a554369fa7df14f2e,2023-03-31,,,,
448,6427530a554369fa7df14f30,2023-03-31,445868360110001,NQ,false,Q_type
449,642acb8a029dd85db95ec0e5,2023-04-03,449114320040001,NQ,false,Q_type
450,642ad13e029dd85db95ec129,2023-04-03,449114320040001,NQ,false,Q_type
451,642ad245029dd85db95ec149,2023-04-03,450207470100001,NQ,false,Q_type
452,642ad845029dd85db95ec16c,2023-04-03,449804760100001,NQ,,Q_type
453,642ada7f029dd85db95ec196,2023-04-03,,,,
454,642ada80029dd85db95ec197,2023-04-03,,,,
455,642adab1029dd85db95ec19b,2023-04-03,,,,
456,642adab1029dd85db95ec19c,2023-04-03,450207470190001,NQ,false,Q_type
457,642b2acd418623cd14e90185,2023-04-03,,,,
458,642b2c74fd805d2cbc16e8b5,2023-04-03,,,,
459,642b2d27fd805d2cbc16e8b9,2023-04-03,,,,
460,642b3023fd805d2cbc16e8bd,2023-04-03,,,,
461,642b320efd805d2cbc16e8c0,2023-04-03,449691490050001,NQ,false,Q_type
462,642b3a61ed7b76d0f752ac2e,2023-04-03,449691490050001,NQ,false,Q_type
463,642b3e02ed7b76d0f752ac54,2023-04-03,444143010020003,NF,false,E_type
464,642b421bed7b76d0f752ac76,2023-04-03,444143010020003,NF,false,E_type
465,642b43b0ed7b76d0f752ac9e,2023-04-03,444321780250001,NF,,
466,642b43eaed7b76d0f752acaa,2023-04-03,444321780250001,NF,false,E_type
467,642b4508ed7b76d0f752accf,2023-04-03,444143010020003,NF,false,E_type
468,642b46baed7b76d0f752acee,2023-04-03,449057140110001,NQ,,Q_type
469,642c04ce64724d6658fc02ed,2023-04-04,,,,
470,642c054e64724d6658fc02f7,2023-04-04,,,,
471,642c06dd64724d6658fc02fc,2023-04-04,,,,
472,642c0b9164724d6658fc0302,2023-04-04,,,,
473,642c0bb364724d6658fc0307,2023-04-04,,,,
474,642c11b964724d6658fc030c,2023-04-04,,,,
475,642c11d664724d6658fc0310,2023-04-04,,,,
476,642c128e64724d6658fc0316,2023-04-04,,,,
477,642c131c64724d6658fc031d,2023-04-04,,,,
478,642c1921232d9c0902b198e7,2023-04-04,450244870010001,NF,false,E_type
479,642c2151232d9c0902b19914,2023-04-04,448438490480001,NF,false,E_type
480,642c22ce232d9c0902b19939,2023-04-04,449512680290001,NF,false,E_type
481,642c23b0232d9c0902b1995b,2023-04-04,438120590410001,NQ,,
482,642c24d0232d9c0902b1997c,2023-04-04,450264070070001,NQ,false,Q_type
483,642c2584232d9c0902b1999b,2023-04-04,0462870819,NQ,false,
484,642c2635232d9c0902b199c5,2023-04-04,449847170010001,NQ,false,Q_type
485,642c2702232d9c0902b199e4,2023-04-04,450303810110001,NQ,false,Q_type
486,642c2899232d9c0902b19a0a,2023-04-04,447876540040001,NF,false,E_type
487,642c2aa5232d9c0902b19a3b,2023-04-04,,,,
488,642c2aba232d9c0902b19a3f,2023-04-04,,,,
489,642c2aba232d9c0902b19a41,2023-04-04,445863121120001,NQ,false,Q_type
490,642c2b90232d9c0902b19a66,2023-04-04,,,,
491,642c2b92232d9c0902b19a68,2023-04-04,449843730030001,NF,false,E_type
492,642c2c97232d9c0902b19a8b,2023-04-04,449748750010001,NF,false,E_type
493,642c2e66232d9c0902b19aab,2023-04-04,450245980400001,NQ,,Q_type
494,642c3349232d9c0902b19ace,2023-04-04,450221780010001,NQ,false,Q_type
495,642c343b232d9c0902b19aef,2023-04-04,450217540140001,NQ,false,Q_type
496,642c357d232d9c0902b19b14,2023-04-04,,,,
497,642c357e232d9c0902b19b16,2023-04-04,450211640250001,NQ,false,Q_type
498,642c3703232d9c0902b19b42,2023-04-04,449118830040001,NF,false,E_type
499,642c3a20232d9c0902b19b62,2023-04-04,450245030110001,NQ,false,Q_type
500,642c3af6232d9c0902b19b81,2023-04-04,448696120040001,NQ,,Q_type
501,642c3c87232d9c0902b19ba2,2023-04-04,449914480090001,NF,false,E_type
502,642c4015232d9c0902b19bc0,2023-04-04,445863120880001,NQ,false,Q_type
503,642c4442232d9c0902b19be1,2023-04-04,444143810010002,NF,false,E_type
504,642c471a232d9c0902b19c01,2023-04-04,,,,
505,642c471c232d9c0902b19c03,2023-04-04,444143810010002,NF,false,E_type
506,642c5d31232d9c0902b19c25,2023-04-04,,,,
507,642c5d34232d9c0902b19c27,2023-04-04,449773560110001,NQ,false,Q_type
508,642c612d232d9c0902b19c5c,2023-04-04,444143810010002,NF,false,E_type
509,642c667a232d9c0902b19c80,2023-04-04,447558460080001,NQ,false,Q_type
510,642c67f8232d9c0902b19ca5,2023-04-04,449114480080001,NQ,false,Q_type
511,642c7661232d9c0902b19cd0,2023-04-04,,,,
512,642c7664232d9c0902b19cd2,2023-04-04,450332160040001,NQ,false,Q_type
513,642c77dd232d9c0902b19cf1,2023-04-04,445501060570001,NQ,,Q_type
514,642c7a35232d9c0902b19d20,2023-04-04,449909720370001,NQ,,Q_type
515,642c7b7c232d9c0902b19d3c,2023-04-04,449914280010001,NQ,,Q_type
516,642d4a50232d9c0902b19d56,2023-04-05,444143810010002,NF,,E_type
517,642d580c6ef942419d842f15,2023-04-05,,,,
518,642d58db6ef942419d842f1e,2023-04-05,,,,
519,642d590b6ef942419d842f24,2023-04-05,,,,
520,642d5a926ef942419d842f2c,2023-04-05,,,,
521,642d5b1b6ef942419d842f3b,2023-04-05,,,,
522,642d5ccd9147218282329f89,2023-04-05,0462871190,NQ,,
523,642d5d3b623f9a3baca6901d,2023-04-05,450266770150001,NQ,false,Q_type
524,642d5e3f623f9a3baca6903d,2023-04-05,450266770150001,NQ,false,Q_type
525,642d5f4a623f9a3baca69061,2023-04-05,450298770010001,NQ,false,Q_type
526,642d6222623f9a3baca69087,2023-04-05,445863120460001,NF,false,E_type
527,642d6738623f9a3baca690a6,2023-04-05,450310140040001,NQ,false,Q_type
528,642d6817623f9a3baca690c9,2023-04-05,449207740200001,NQ,false,Q_type
529,642d69f8623f9a3baca690e9,2023-04-05,450305010130001,NQ,false,Q_type
530,642d6c5d623f9a3baca69103,2023-04-05,450305010110001,NQ,false,Q_type
531,642d7020623f9a3baca69124,2023-04-05,450293690050001,NQ,false,Q_type
532,642d7292623f9a3baca69140,2023-04-05,450291510060001,NQ,false,Q_type
533,642d73ca623f9a3baca69170,2023-04-05,448848910010001,NF,,E_type
534,642d74c1623f9a3baca6918a,2023-04-05,449894750010001,NQ,false,Q_type
535,642d758b623f9a3baca691a9,2023-04-05,450365250010001,NQ,false,Q_type
536,642d7701623f9a3baca691c8,2023-04-05,450351450010001,NQ,false,Q_type
537,642d7bce623f9a3baca691e9,2023-04-05,450296210010001,NQ,false,Q_type
538,642d7dfd623f9a3baca69228,2023-04-05,450300700010001,NQ,,
539,642d8aae623f9a3baca69239,2023-04-05,450309600510001,NQ,false,Q_type
540,642d8e805d80eec853dda242,2023-04-05,444176620100001,NQ,false,Q_type
541,642d96be5d80eec853dda280,2023-04-05,448991270470001,NQ,false,Q_type
542,642d9faa5d80eec853dda313,2023-04-05,448991270470001,NQ,false,
543,642da1d25d80eec853dda31e,2023-04-05,450309600050001,NF,,E_type
544,642da39a5d80eec853dda340,2023-04-05,,,,
545,642da39c5d80eec853dda342,2023-04-05,,,,
546,642da3b35d80eec853dda346,2023-04-05,,,,
547,642da3b45d80eec853dda347,2023-04-05,450309600050001,NF,,E_type
548,642da51d5d80eec853dda361,2023-04-05,450309600050001,NF,,E_type
549,642db62b5d80eec853dda379,2023-04-05,450309600600001,NQ,false,Q_type
550,642db7465d80eec853dda39b,2023-04-05,,,,
551,642db7465d80eec853dda39d,2023-04-05,450504480020001,NF,false,E_type
552,642db91e5d80eec853dda3c5,2023-04-05,450309600450001,NQ,false,Q_type
553,642dbb735d80eec853dda3e7,2023-04-05,450309600420001,NQ,false,Q_type
554,642dbcf85d80eec853dda40a,2023-04-05,449882730010001,NF,false,E_type
555,642dbe6c5d80eec853dda42f,2023-04-05,450290440010001,NQ,false,Q_type
556,642dc36b5d80eec853dda458,2023-04-05,449896400010001,NF,false,E_type
557,642dc5a45d80eec853dda488,2023-04-05,450309600020001,NF,false,E_type
558,642dc99c5d80eec853dda4a7,2023-04-05,450259030150001,NQ,false,Q_type
559,642dcb385d80eec853dda4c6,2023-04-05,450309600200001,NF,false,E_type
560,642dcdc05d80eec853dda4e6,2023-04-05,449291390030001,NF,false,E_type
561,642dcff25d80eec853dda508,2023-04-05,450300300080001,NQ,false,Q_type
562,642ea02c5d80eec853dda52e,2023-04-06,450159880020001,NQ,false,Q_type
563,642ea7aa13ffc247ba37f882,2023-04-06,,,,
564,642ea80113ffc247ba37f88a,2023-04-06,,,,
565,642ea9a213ffc247ba37f897,2023-04-06,449762780280001,NF,,
566,642eb0bfc269ea838c4501b0,2023-04-06,,,,
567,642eb27ac269ea838c4501b5,2023-04-06,,,,
568,642eb2dcc269ea838c4501bf,2023-04-06,,,,
569,642eb391c269ea838c4501ca,2023-04-06,,,,
570,642eb765c269ea838c4501d1,2023-04-06,,,,
571,642ebce6c269ea838c4501d8,2023-04-06,,,,
572,642ebcf8c269ea838c4501dd,2023-04-06,,,,
573,642ebd0ec269ea838c4501e1,2023-04-06,,,,
574,642ebda3c269ea838c4501e6,2023-04-06,,,,
575,642ebe61c269ea838c4501ea,2023-04-06,,,,
576,642ec000e43adb9f134cd6f0,2023-04-06,,,,
577,642ec22de43adb9f134cd6f4,2023-04-06,,,,
578,642ec3dc01009924cc3cbc29,2023-04-06,450303180740001,NQ,,
579,642ec5b54687d18b771fb07a,2023-04-06,450303180740001,NQ,,
580,642ec7184687d18b771fb0a8,2023-04-06,450303180410001,NQ,,
581,642ec8ce4687d18b771fb0bb,2023-04-06,450303180410001,NQ,false,Q_type
582,642eca624687d18b771fb0e0,2023-04-06,449929540100001,NQ,false,Q_type
583,642ecbc64687d18b771fb10b,2023-04-06,448335770260001,NQ,false,Q_type
584,642ed1494687d18b771fb12c,2023-04-06,450326800070001,NQ,false,Q_type
585,642ed6fd4687d18b771fb156,2023-04-06,450326800100001,NQ,false,Q_type
586,642ed88a4687d18b771fb17f,2023-04-06,450323630070001,NQ,,Q_type
587,642ed99f4687d18b771fb1a5,2023-04-06,450323630070001,NQ,,
588,642ed9c94687d18b771fb1ad,2023-04-06,450323630070001,NQ,,
589,642eda214687d18b771fb1bf,2023-04-06,450323630070001,NQ,,Q_type
590,642edb694687d18b771fb1e2,2023-04-06,450323630070001,NQ,,
591,642edd994687d18b771fb1eb,2023-04-06,449927520010001,NF,,E_type
592,642ee19d4687d18b771fb1fa,2023-04-06,450323630070001,NQ,,Q_type
593,642ee8664687d18b771fb221,2023-04-06,450331670020001,NF,false,
594,642ee8ea4687d18b771fb22d,2023-04-06,450331670020001,NF,,E_type
595,642ee9bd4687d18b771fb23a,2023-04-06,,,,
596,642eea064687d18b771fb241,2023-04-06,,,,
597,642eea2f4687d18b771fb246,2023-04-06,450331670020001,NF,false,
598,642eeac74687d18b771fb250,2023-04-06,450323630070001,NQ,false,
599,642eeb944687d18b771fb262,2023-04-06,450323630070001,NQ,,Q_type
600,642ef6e74687d18b771fb27f,2023-04-06,450331670030001,NF,false,E_type
601,642ef7bd4687d18b771fb2a0,2023-04-06,450331670030001,NF,false,E_type
602,642f07f34687d18b771fb2b4,2023-04-06,450324710090001,NQ,false,Q_type
603,642f0def4687d18b771fb2d7,2023-04-06,450324710030001,NF,false,E_type
604,642f229a4687d18b771fb2f6,2023-04-06,450324710030001,NF,false,E_type
605,642f24cb4687d18b771fb316,2023-04-06,,,,
606,64398307015135c3802e395d,2023-04-14,449010200370001,NQ,false,
607,6439846e015135c3802e396b,2023-04-14,449010200370001,NQ,false,Q_type
608,64418b87015135c3802e3987,2023-04-20,450207400040001,NQ,false,Q_type
609,64418f12015135c3802e39ac,2023-04-20,450497550030001,NQ,false,Q_type
610,6459557b015135c3802e39c1,2023-05-08,449213761390001,NQ,,
611,64595623015135c3802e39d1,2023-05-08,449213761390001,NQ,false,
612,64595678015135c3802e39dd,2023-05-08,449213761390001,NQ,,
613,645956fe015135c3802e39e7,2023-05-08,450981480010001,NQ,,Q_type
614,645960e0015135c3802e39f7,2023-05-08,450981480010001,NQ,,Q_type
615,64596172015135c3802e3a06,2023-05-08,448111240030001,NF,,E_type
616,645963ce015135c3802e3a17,2023-05-08,448111240030001,NF,,E_type
617,64596522015135c3802e3a26,2023-05-08,447797690260001,NQ,false,
618,6459657c015135c3802e3a33,2023-05-08,447797690260001,NQ,false,
619,645965c6015135c3802e3a3f,2023-05-08,447797690260001,NQ,,Q_type
620,64596753015135c3802e3a4e,2023-05-08,450990190070001,NQ,,Q_type
621,64596de9015135c3802e3a5d,2023-05-08,445899810380001,NQ,,Q_type
622,64596e81015135c3802e3a6c,2023-05-08,451025940010001,NQ,,
623,64596ee5015135c3802e3a79,2023-05-08,451025940010001,NQ,,Q_type
624,64597027015135c3802e3a89,2023-05-08,451031370010001,NQ,,Q_type
625,645970d0015135c3802e3a99,2023-05-08,451024880010001,NQ,false,
626,64597145015135c3802e3aa6,2023-05-08,451024880010001,NQ,false,
627,64597178015135c3802e3ab1,2023-05-08,451024880010001,NQ,false,
628,645971b0015135c3802e3abc,2023-05-08,451024880010001,NQ,,Q_type
629,6459730d015135c3802e3acd,2023-05-08,448111240030001,NF,false,
630,6459734e015135c3802e3ad9,2023-05-08,448111240030001,NF,,E_type
631,645986b4015135c3802e3aea,2023-05-08,443953631910001,NF,false,
632,645986fe015135c3802e3af5,2023-05-08,443953631910001,NF,,E_type
633,64598cb5015135c3802e3b04,2023-05-08,449010200830001,NF,,E_type
634,6459939b015135c3802e3b15,2023-05-09,443953630630001,NF,,E_type
635,6459950a015135c3802e3b24,2023-05-09,449010200820001,NF,,E_type
636,6459964f015135c3802e3b35,2023-05-09,449517310010001,NQ,false,
637,6459969b015135c3802e3b41,2023-05-09,449517310010001,NQ,,Q_type
638,6459980c015135c3802e3b50,2023-05-09,449517310010001,NQ,,Q_type
639,64599f22015135c3802e3b61,2023-05-09,447797690500001,NQ,,Q_type
640,64599ffa015135c3802e3b70,2023-05-09,450145960040001,NF,,E_type
641,6459a080015135c3802e3b80,2023-05-09,450137310040001,NF,false,
642,6459a0c0015135c3802e3b8c,2023-05-09,,,,
643,6459a0d1015135c3802e3b8f,2023-05-09,450137310040001,NF,,E_type
644,64627f7c6869f82df7b1f1ec,2023-05-15,,,,
645,646284201f84fa4d8ed2c3a0,2023-05-15,,,,
646,6462862df6e8c03a65da57fa,2023-05-15,,,,
647,64628b463cfe23cd715e912b,2023-05-15,,,,
648,64628c8cdf6875c91674ffc6,2023-05-15,451067020040001,NQ,,
649,64629052a904ab564f8584e0,2023-05-15,,,,
650,646291b5a904ab564f8584e5,2023-05-15,,,,
651,64629581de4b10add8078748,2023-05-15,451067020040001,NQ,,Q_type
652,64629b28de4b10add8078767,2023-05-15,,,,
653,64629c4ede4b10add807876e,2023-05-15,,,,
654,64629d07de4b10add8078775,2023-05-15,,,,
655,64629ef7de4b10add807877c,2023-05-15,,,,
656,64629f37de4b10add8078783,2023-05-15,,,,
657,64629f6fde4b10add807878a,2023-05-15,,,,
658,64629fa8de4b10add8078792,2023-05-15,,,,
659,64629fd9de4b10add8078799,2023-05-15,,,,
660,6462a00cde4b10add80787a1,2023-05-15,,,,
661,6462a0a0de4b10add80787a9,2023-05-15,,,,
662,6462a0f3de4b10add80787b1,2023-05-15,,,,
663,6462a12bde4b10add80787ba,2023-05-15,,,,
664,6462a175de4b10add80787c1,2023-05-15,,,,
665,6462a1cdde4b10add80787c8,2023-05-15,,,,
666,6462a233de4b10add80787cf,2023-05-15,,,,
667,6462a235de4b10add80787d1,2023-05-15,,,,
668,6462a29fde4b10add80787da,2023-05-15,,,,
669,6462a31ade4b10add80787e1,2023-05-15,,,,
670,6462a379de4b10add80787e8,2023-05-15,,,,
671,6462a3eade4b10add80787ef,2023-05-15,,,,
672,6462a447de4b10add80787f6,2023-05-15,,,,
673,6462a4cdde4b10add80787fd,2023-05-15,,,,
674,6462a536de4b10add8078804,2023-05-15,,,,
675,6462a584de4b10add807880b,2023-05-15,,,,
676,6462a5c7de4b10add8078812,2023-05-15,,,,
677,6462a60ede4b10add8078819,2023-05-15,,,,
678,6462a66ede4b10add8078820,2023-05-15,,,,
679,6462a6bede4b10add8078827,2023-05-15,,,,
680,6462a74ade4b10add807882e,2023-05-15,,,,
681,6462a78dde4b10add8078835,2023-05-15,,,,
682,6462a81bde4b10add807883e,2023-05-15,,,,
683,6462a86ede4b10add8078845,2023-05-15,,,,
684,6462a964de4b10add807884c,2023-05-15,,,,
685,6462a9d8de4b10add8078853,2023-05-15,,,,
686,6462aa24de4b10add807885a,2023-05-15,,,,
687,6462aacede4b10add8078863,2023-05-15,,,,
688,646552c7de4b10add807886a,2023-05-17,451023380040001,NF,,E_type
689,64664447de4b10add8078883,2023-05-18,,,,
690,64664449de4b10add8078885,2023-05-18,449136350120001,NQ,,
691,64664887de4b10add807888f,2023-05-18,449136350120001,NQ,false,
692,6466492fde4b10add807889e,2023-05-18,449136350120001,NQ,,
693,64664ab9de4b10add80788bf,2023-05-18,,,,
694,64664ae8de4b10add80788c5,2023-05-18,,,,
695,64664b33de4b10add80788cd,2023-05-18,449136350120001,NQ,false,
696,64664cecde4b10add80788db,2023-05-18,449136350120001,NQ,,
697,64679272de4b10add80788e6,2023-05-19,450141050560001,NF,false,E_type
698,646797d915856f52ab94aa98,2023-05-19,0462886411,NF,,
699,64679998094308d424a8bed2,2023-05-19,0462886411,NF,,
700,64679a64a25071193c7400e7,2023-05-19,450141050490001,NF,,E_type
701,64679c053353c77032337cb7,2023-05-19,450141050340001,NF,false,
702,64679e393353c77032337cc6,2023-05-19,450141050340001,NF,false,
703,64679f993353c77032337cd3,2023-05-19,450141050340001,NF,,
704,6467a05ed74803fd4b27d2ae,2023-05-19,450141050340001,NF,false,E_type
705,6467af84d74803fd4b27d2e2,2023-05-19,450141050520001,NF,,E_type
706,6467b69cd74803fd4b27d302,2023-05-19,451821640140001,NQ,false,Q_type
707,6467e4d6d74803fd4b27d32a,2023-05-19,,,,
708,646b8e3ad74803fd4b27d344,2023-05-22,451161500070001,NQ,,Q_type
709,646b9acbd74803fd4b27d365,2023-05-22,451138150020001,NQ,,Q_type
710,646b9dd6d74803fd4b27d387,2023-05-22,451836960030001,NQ,false,Q_type
711,646b9fe3d74803fd4b27d3a3,2023-05-22,,,,
712,646b9fe3d74803fd4b27d3a5,2023-05-22,451836960030001,NQ,false,Q_type
713,646ba25bd74803fd4b27d3be,2023-05-22,451836960030001,NQ,,Q_type
714,646ba4bbd74803fd4b27d3d8,2023-05-22,451169010070001,NQ,false,Q_type
715,646ba740d74803fd4b27d3f1,2023-05-22,451173870010001,NQ,,Q_type
716,646baa8bd74803fd4b27d40a,2023-05-22,450781500110001,NQ,false,Q_type
717,646bacd2d74803fd4b27d42b,2023-05-22,451161200090001,NQ,,Q_type
718,646bb11ed74803fd4b27d446,2023-05-22,450705160160001,NQ,,Q_type
719,646bce4cd74803fd4b27d45e,2023-05-22,451168950140001,NQ,false,Q_type
720,646bd965d74803fd4b27d491,2023-05-22,451831890250001,NQ,false,Q_type
721,646bdc0fd74803fd4b27d4bc,2023-05-22,451172520160001,NQ,false,Q_type
722,646be068d74803fd4b27d4d5,2023-05-22,451160820050001,NQ,false,Q_type
723,646c00ecd74803fd4b27d4f2,2023-05-22,451172520190001,NQ,,Q_type
724,646c1957d74803fd4b27d511,2023-05-23,451122360210001,NQ,false,Q_type
725,646c1f7fd74803fd4b27d52f,2023-05-23,451162430010001,NF,false,E_type
726,646c939bd74803fd4b27d548,2023-05-23,451058830040001,NF,false,E_type
727,646c96c6d74803fd4b27d561,2023-05-23,,,,
728,646c96d0d74803fd4b27d564,2023-05-23,451172230010001,NQ,false,Q_type
729,646c99b8d74803fd4b27d582,2023-05-23,451808040080001,NQ,,Q_type
730,646c9b60d74803fd4b27d59f,2023-05-23,451165900100001,NQ,,Q_type
731,646c9d29d74803fd4b27d5b8,2023-05-23,,,,
732,646c9d36d74803fd4b27d5bb,2023-05-23,451843600130001,NQ,false,Q_type
733,646ca0bfd74803fd4b27d5d5,2023-05-23,450828450050001,NQ,false,Q_type
734,646cadd4d74803fd4b27d5ee,2023-05-23,445847571280001,NQ,false,Q_type
735,646cbc61d74803fd4b27d60d,2023-05-23,451834190280001,NQ,false,Q_type
736,646cc0f7d74803fd4b27d626,2023-05-23,451834190010001,NQ,false,Q_type
737,646cca8cd74803fd4b27d63f,2023-05-23,451842490290001,NQ,,Q_type
738,646e0930d74803fd4b27d658,2023-05-24,451185000040001,NQ,false,Q_type
739,646e0b8dd74803fd4b27d672,2023-05-24,451850300200001,NQ,,Q_type
740,646e0d74d74803fd4b27d692,2023-05-24,450515800020001,NF,,
741,646e10c8d74803fd4b27d6ab,2023-05-24,451855580070001,NQ,false,Q_type
742,646e14ded74803fd4b27d6bd,2023-05-24,451189970260001,NQ,false,Q_type
743,646e2cadd74803fd4b27d6db,2023-05-24,450321560020001,NF,,
744,646e603aecc67feefb790b99,2023-05-24,,,,
745,646e68d8ecc67feefb790ba3,2023-05-24,,,,
746,646e69dfecc67feefb790bad,2023-05-24,,,,
747,646e6a77ecc67feefb790bb1,2023-05-24,,,,
748,646e6b09ecc67feefb790bb6,2023-05-24,,,,
749,646e6b69ecc67feefb790bba,2023-05-24,,,,
750,646e6c8ae6c72ebcd3e7f3d0,2023-05-24,,,,
751,646e6d18e6c72ebcd3e7f3d6,2023-05-24,,,,
752,646f5bade6c72ebcd3e7f3da,2023-05-25,447363760020001,NQ,,
753,646f5cdfec5972e4fda98b20,2023-05-25,447363760020001,NQ,false,
754,646f5ddb414260e92a199f60,2023-05-25,447363760020001,NQ,,Q_type
755,646f5f4785640cbc7069609b,2023-05-25,447363760010001,NQ,false,Q_type
756,646f62d685640cbc706960b4,2023-05-25,451821640380001,NQ,false,Q_type
757,646f65c685640cbc706960d5,2023-05-25,451876190070001,NQ,false,Q_type
758,646f6eb985640cbc706960f5,2023-05-25,451223960040001,NF,false,E_type
759,646f81a085640cbc7069610e,2023-05-25,,,,
760,646f81a185640cbc70696110,2023-05-25,451882870370001,NQ,false,
761,646f81e385640cbc7069611c,2023-05-25,,,,
762,646f81e585640cbc7069611e,2023-05-25,451882870370001,NQ,false,Q_type
763,646f850e85640cbc70696134,2023-05-25,450502510100001,NQ,false,Q_type
764,646fab6685640cbc7069614b,2023-05-25,447398300520001,NQ,false,Q_type
765,646fb18685640cbc70696173,2023-05-25,450461800100001,NQ,,Q_type
766,646fb29f85640cbc7069618d,2023-05-25,450461800100001,NQ,false,Q_type
767,646fbadc85640cbc706961a6,2023-05-25,448972330100001,NQ,false,Q_type
768,646fd52a85640cbc706961c4,2023-05-25,445867101160001,NQ,false,Q_type
769,6470a5eb85640cbc706961de,2023-05-26,450860421070001,NQ,false,Q_type
770,6470acbc85640cbc706961f8,2023-05-26,451032620040001,NQ,false,
771,6470b30a85640cbc70696203,2023-05-26,441680850580001,NQ,false,Q_type
772,6470b93a85640cbc70696228,2023-05-26,,,,
773,6470b94985640cbc7069622b,2023-05-26,451803080010001,NQ,false,Q_type
774,647721b185640cbc70696247,2023-05-31,451087980100001,NF,,E_type
775,647724b585640cbc70696262,2023-05-31,449206820020001,NQ,false,Q_type
776,647730fa85640cbc70696280,2023-05-31,449438780090001,NQ,,Q_type
777,6477333c85640cbc7069629a,2023-05-31,446132200410001,NQ,,Q_type
778,64773afa85640cbc706962b5,2023-05-31,449561370070001,NQ,,Q_type
779,64773e2985640cbc706962ce,2023-05-31,450151300010001,NQ,,Q_type
780,6477407085640cbc706962e6,2023-05-31,446429130350001,NQ,,Q_type
781,6477462885640cbc706962ff,2023-05-31,446650030680001,NQ,,Q_type
782,647749dc85640cbc70696317,2023-05-31,450097820130001,NF,false,
783,64774b7185640cbc70696324,2023-05-31,451095340010001,NQ,,Q_type
784,64788f7f85640cbc7069633c,2023-06-01,449864080010001,NF,,E_type
785,6478d6ef85640cbc70696355,2023-06-01,,,,
786,6478d70085640cbc70696358,2023-06-01,450589410040001,NQ,false,
787,6478db3385640cbc70696365,2023-06-01,451928910110001,NQ,,Q_type
788,6479d4c485640cbc7069637e,2023-06-02,450929610140001,NQ,false,Q_type
789,6479e12285640cbc7069639a,2023-06-02,450338830640001,NQ,,Q_type
790,6479e45285640cbc706963b4,2023-06-02,451939810390001,NQ,false,Q_type
791,6479ead985640cbc706963d2,2023-06-02,447439670190001,NQ,false,Q_type
792,6479ede885640cbc706963ee,2023-06-02,451305660040001,NQ,,Q_type
793,6479f19785640cbc70696408,2023-06-02,451928220060001,NQ,false,Q_type
794,6479f54e85640cbc70696426,2023-06-02,451937610130001,NQ,,Q_type
795,647db76f85640cbc7069643e,2023-06-05,450883020040001,NQ,false,
796,647db91185640cbc70696449,2023-06-05,451275670010001,NF,,E_type
797,647dc05a85640cbc70696462,2023-06-05,,,,
798,647dc06485640cbc70696465,2023-06-05,451821640080001,NQ,,Q_type
799,647dc1d885640cbc7069647e,2023-06-05,451937850120001,NQ,false,Q_type
800,647dc36a85640cbc7069649a,2023-06-05,451296290110001,NQ,,Q_type
801,647ddc2185640cbc706964b5,2023-06-05,450519960010001,NQ,,E_type
802,647de4a085640cbc706964cd,2023-06-05,,,,
803,647df04885640cbc706964d0,2023-06-05,451952020010001,NQ,false,Q_type
804,647f0ef485640cbc706964ed,2023-06-06,451026020010001,NF,false,
805,647f135585640cbc706964f8,2023-06-06,451843050040001,NQ,,Q_type
806,647f150185640cbc70696511,2023-06-06,451067040010001,NF,,E_type
807,647f17bb85640cbc7069652b,2023-06-06,451951690090001,NQ,false,Q_type
808,647f1f5785640cbc70696548,2023-06-06,451320900240001,NQ,,Q_type
809,647f25d985640cbc70696560,2023-06-06,451961360110001,NF,false,E_type
810,6480625c85640cbc7069657a,2023-06-07,451943100080001,NF,,E_type
811,648075a885640cbc70696594,2023-06-07,449221918220001,NQ,false,Q_type
812,6480944085640cbc706965b3,2023-06-07,451858380080001,NQ,false,
813,6481c6f485640cbc706965c0,2023-06-08,451397740250001,NQ,false,
814,6481ca3885640cbc706965cc,2023-06-08,451393440040001,NF,,E_type
815,6481d52c85640cbc706965de,2023-06-08,451412010050001,NQ,,Q_type
816,6481d7ac85640cbc706965f7,2023-06-08,450004840030001,NQ,,Q_type
817,6481db3c85640cbc70696613,2023-06-08,451108230030001,NF,false,E_type
818,6481ecfe85640cbc7069662f,2023-06-08,445893532570001,NQ,false,Q_type
819,64820a1585640cbc7069664d,2023-06-08,451072170040001,NQ,false,Q_type
820,6482119e85640cbc7069666c,2023-06-08,451275120010001,NF,false,E_type
821,6482137985640cbc7069668a,2023-06-08,451404170070001,NQ,,Q_type
822,6483036d85640cbc706966a2,2023-06-09,451987480520001,NQ,,Q_type
823,6483059485640cbc706966bd,2023-06-09,451973760310001,NQ,false,Q_type
824,64830a4785640cbc706966d9,2023-06-09,451973820130001,NQ,false,Q_type
825,648322bd85640cbc706966f5,2023-06-09,451404580200001,NQ,,Q_type
826,6487039404e0107a471d4895,2023-06-12,,,,
827,648703c904e0107a471d489a,2023-06-12,,,,
828,6487043904e0107a471d489d,2023-06-12,,,,
829,6487147804e0107a471d48a0,2023-06-12,,,,
830,64ac05edb2831691e9f82e42,2023-07-10,,,,
831,64ac0622b2831691e9f82e48,2023-07-10,,,,
832,64ac0642b2831691e9f82e4d,2023-07-10,,,,
833,64ac0675b2831691e9f82e50,2023-07-10,,,,
834,64ac069fb2831691e9f82e56,2023-07-10,,,,
835,64ac06e3b2831691e9f82e5a,2023-07-10,,,,
836,64ac0713b2831691e9f82e5e,2023-07-10,,,,
837,64ac077cb2831691e9f82e62,2023-07-10,,,,
838,64b6c002b2831691e9f82e67,2023-07-18,450862090590001,NF,,
839,64b7ddb2f5e2e8742d5cae11,2023-07-19,,,,
840,64b7e666d39dfac22b85396e,2023-07-19,450862090570001,NF,,E_type
841,64b7ea02d39dfac22b853984,2023-07-19,44004913AIJ0001,NF,false,
842,64b7ea89d39dfac22b853998,2023-07-19,,,,
843,64b7ea8bd39dfac22b85399a,2023-07-19,44004913AIJ0001,NF,,
844,64b7f136d39dfac22b8539aa,2023-07-19,,,,
845,64b7f16bd39dfac22b8539ae,2023-07-19,44004913AIJ0001,NF,false,E_type
846,64b80796d39dfac22b8539c7,2023-07-19,444472220390001,NQ,,Q_type
847,64b81852d39dfac22b8539df,2023-07-19,451043550040001,NF,false,E_type
848,64b81ad1d39dfac22b853a03,2023-07-19,452578690110001,NQ,false,Q_type
849,64b81bf8d39dfac22b853a21,2023-07-19,452578690110001,NQ,false,Q_type
850,64b81d3ad39dfac22b853a3a,2023-07-19,452578690110001,NQ,,Q_type
